id,first_name,last_name,email,gender
1,Kimble,McLucas,kmclucas0@g.co,Male
2,Rodina,Yandle,ryandle1@taobao.com,Female
3,Giorgio,Baison,gbaison2@ucsd.edu,Male
4,Hoyt,MacCaughey,hmaccaughey3@sitemeter.com,Male
5,Arnie,Kidd,akidd4@goo.gl,Male
6,Cozmo,Andrus,candrus5@dailymail.co.uk,Male
7,Linus,Kolczynski,lkolczynski6@zimbio.com,Male
8,Colin,Banton,cbanton7@foxnews.com,Male
9,Andreas,Gumary,agumary8@arstechnica.com,Male
10,Janella,Pavek,jpavek9@booking.com,Female
11,Kylie,Dodle,kdodlea@google.it,Female
12,Carolee,Danielut,cdanielutb@hostgator.com,Female
13,Fay,Kesby,fkesbyc@bing.com,Female
14,Tamra,Cornill,tcornilld@nba.com,Female
15,Agneta,Fancet,afancete@sourceforge.net,Female
16,Keeley,Leeuwerink,kleeuwerinkf@latimes.com,Female
17,Sheila,Edgehill,sedgehillg@shop-pro.jp,Female
18,Reilly,Smellie,rsmellieh@google.cn,Male
19,Micki,Prestedge,mprestedgei@geocities.com,Female
20,Renell,Shone,rshonej@japanpost.jp,Female
21,Cassandra,Swaden,cswadenk@virginia.edu,Female
22,Lay,Blaxter,lblaxterl@comcast.net,Male
23,Mick,Flade,mfladem@tamu.edu,Male
24,Rockwell,Bavage,rbavagen@thetimes.co.uk,Male
25,Lothaire,Lyon,llyono@phoca.cz,Male
26,Lacee,Bubear,lbubearp@ox.ac.uk,Female
27,Neale,Oen,noenq@miitbeian.gov.cn,Male
28,Stevana,Hazael,shazaelr@yelp.com,Female
29,Lorita,Hamsley,lhamsleys@t-online.de,Female
30,Loren,Ruvel,lruvelt@dailymail.co.uk,Male
31,Erika,Tait,etaitu@hexun.com,Female
32,Emelda,Jahncke,ejahnckev@creativecommons.org,Female
33,Harlan,Jeanon,hjeanonw@shareasale.com,Male
34,Ibrahim,Keford,ikefordx@de.vu,Male
35,Neils,Freckelton,nfreckeltony@indiatimes.com,Male
36,Karil,Zielinski,kzielinskiz@weebly.com,Female
37,Benjie,McClements,bmcclements10@buzzfeed.com,Male
38,Marcille,Towle,mtowle11@blog.com,Female
39,Beale,Dalman,bdalman12@toplist.cz,Male
40,Ofella,Lumly,olumly13@4shared.com,Female
41,Feodor,Belverstone,fbelverstone14@japanpost.jp,Male
42,Theadora,Fayers,tfayers15@yellowbook.com,Female
43,Roy,Pitherick,rpitherick16@ovh.net,Male
44,Emmy,Kovelmann,ekovelmann17@mashable.com,Male
45,Ikey,Jephcote,ijephcote18@spotify.com,Male
46,Selene,Rea,srea19@ox.ac.uk,Female
47,Myles,Fierro,mfierro1a@un.org,Male
48,Tanhya,Delouch,tdelouch1b@ifeng.com,Female
49,Nichol,Klimczak,nklimczak1c@mail.ru,Female
50,Novelia,Chritchley,nchritchley1d@networkadvertising.org,Female
51,Warden,MacLeese,wmacleese1e@scribd.com,Male
52,Jenelle,Ranald,jranald1f@wufoo.com,Female
53,Witty,Jermy,wjermy1g@nps.gov,Male
54,Anson,Medway,amedway1h@about.com,Male
55,Dierdre,Abramof,dabramof1i@chronoengine.com,Female
56,Mickey,Gustus,mgustus1j@macromedia.com,Male
57,Fairfax,Storms,fstorms1k@bloglovin.com,Male
58,Sharline,Higgen,shiggen1l@statcounter.com,Female
59,Ruthanne,Bome,rbome1m@cbc.ca,Female
60,Luisa,Hullin,lhullin1n@arizona.edu,Female
61,Ernestine,Jaycock,ejaycock1o@github.io,Female
62,Genvieve,Provest,gprovest1p@dmoz.org,Female
63,Tod,Domenichini,tdomenichini1q@instagram.com,Male
64,Joshia,Gledhill,jgledhill1r@sphinn.com,Male
65,Ruddy,Ravenshaw,rravenshaw1s@people.com.cn,Male
66,Mandie,Wickardt,mwickardt1t@flickr.com,Female
67,Melva,Hedditeh,mhedditeh1u@oracle.com,Female
68,Ansel,Wanklyn,awanklyn1v@altervista.org,Male
69,Libbi,Florio,lflorio1w@netscape.com,Female
70,Maggie,Toxell,mtoxell1x@51.la,Female
71,Cecilia,Cleary,ccleary1y@chronoengine.com,Female
72,Arleen,Baseley,abaseley1z@myspace.com,Female
73,Victor,Lethieulier,vlethieulier20@wikipedia.org,Male
74,Sergio,Plante,splante21@washingtonpost.com,Male
75,Yancy,Eden,yeden22@youtu.be,Male
76,Ade,Champagne,achampagne23@rambler.ru,Male
77,Doloritas,Cosh,dcosh24@cargocollective.com,Female
78,Madalena,Thornley,mthornley25@google.com.br,Female
79,Tremayne,Baford,tbaford26@census.gov,Male
80,Noach,Saward,nsaward27@cloudflare.com,Male
81,Bil,Fishpool,bfishpool28@chron.com,Male
82,Cecilius,Camm,ccamm29@canalblog.com,Male
83,Miltie,Sheardown,msheardown2a@exblog.jp,Male
84,Ryley,Gillivrie,rgillivrie2b@hp.com,Male
85,Herb,Janowicz,hjanowicz2c@blogspot.com,Male
86,Alair,Shuxsmith,ashuxsmith2d@yahoo.co.jp,Male
87,Zachariah,Matieu,zmatieu2e@foxnews.com,Male
88,Kenn,Gethings,kgethings2f@weebly.com,Male
89,Peria,Meeks,pmeeks2g@163.com,Female
90,Braden,Powdrell,bpowdrell2h@ed.gov,Male
91,Pieter,Anfrey,panfrey2i@sitemeter.com,Male
92,Isabelle,Jeanet,ijeanet2j@state.gov,Female
93,Jeanna,Grieswood,jgrieswood2k@abc.net.au,Female
94,Lindon,Heintz,lheintz2l@go.com,Male
95,Cordell,Biffen,cbiffen2m@jalbum.net,Male
96,Orelia,Brislan,obrislan2n@drupal.org,Female
97,Cathy,Carletto,ccarletto2o@miitbeian.gov.cn,Female
98,Jodi,Rimour,jrimour2p@so-net.ne.jp,Male
99,Xenos,Lamas,xlamas2q@ucoz.com,Male
100,Minni,Earles,mearles2r@vimeo.com,Female
101,Alameda,Sieghart,asieghart2s@slate.com,Female
102,Phaedra,Hele,phele2t@51.la,Female
103,Boothe,Pfaff,bpfaff2u@1und1.de,Male
104,Berte,Sturm,bsturm2v@is.gd,Female
105,Kass,Stookes,kstookes2w@ucoz.ru,Female
106,Catlaina,Keppe,ckeppe2x@patch.com,Female
107,Sharia,Eynon,seynon2y@accuweather.com,Female
108,Kathryne,Arnaldi,karnaldi2z@yahoo.com,Female
109,Jock,Dallaghan,jdallaghan30@meetup.com,Male
110,Melanie,Beevers,mbeevers31@google.ru,Female
111,Willi,Hallatt,whallatt32@yolasite.com,Male
112,Gloriana,Gomersall,ggomersall33@yahoo.co.jp,Female
113,Lothario,Uppett,luppett34@answers.com,Male
114,Benetta,Ramalhete,bramalhete35@umich.edu,Female
115,Birgit,Labdon,blabdon36@slate.com,Female
116,Ky,Baylie,kbaylie37@ow.ly,Male
117,Hildegarde,Marklin,hmarklin38@woothemes.com,Female
118,Annmaria,Windows,awindows39@pbs.org,Female
119,Free,Shimoni,fshimoni3a@plala.or.jp,Male
120,Nixie,Hamber,nhamber3b@angelfire.com,Female
121,Mil,Belfelt,mbelfelt3c@google.com,Female
122,Almeta,Greenwood,agreenwood3d@youtu.be,Female
123,Edgar,Alexsandrev,ealexsandrev3e@si.edu,Male
124,Austina,Farnham,afarnham3f@mlb.com,Female
125,Roosevelt,Harcarse,rharcarse3g@constantcontact.com,Male
126,Raffarty,Baskwell,rbaskwell3h@sogou.com,Male
127,Colver,Tams,ctams3i@nymag.com,Male
128,Nikolaos,Whetton,nwhetton3j@si.edu,Male
129,Fern,Jeffery,fjeffery3k@multiply.com,Female
130,Randie,Paal,rpaal3l@ebay.com,Male
131,Stanwood,Attarge,sattarge3m@goodreads.com,Male
132,Jacklin,Bawcock,jbawcock3n@hugedomains.com,Female
133,Salvatore,Lymer,slymer3o@wired.com,Male
134,Jessika,Affuso,jaffuso3p@last.fm,Female
135,Kipp,Buddington,kbuddington3q@hostgator.com,Male
136,Collie,Marwood,cmarwood3r@newsvine.com,Female
137,Margy,Beedham,mbeedham3s@dion.ne.jp,Female
138,Gloriana,de Castelain,gdecastelain3t@earthlink.net,Female
139,Adelaida,Avory,aavory3u@cisco.com,Female
140,Lynde,Pagon,lpagon3v@webmd.com,Female
141,Sheba,Beazer,sbeazer3w@paypal.com,Female
142,Alwin,Everit,aeverit3x@jalbum.net,Male
143,Netty,Brook,nbrook3y@wordpress.org,Female
144,Margie,Shilstone,mshilstone3z@forbes.com,Female
145,Ilario,Karpol,ikarpol40@tmall.com,Male
146,Elie,Jon,ejon41@ow.ly,Female
147,Latia,Rudderham,lrudderham42@cdc.gov,Female
148,Mindy,Pedrocco,mpedrocco43@icio.us,Female
149,Cori,Radke,cradke44@google.ru,Male
150,Maryann,Balma,mbalma45@narod.ru,Female
151,Warren,Bollen,wbollen46@usnews.com,Male
152,Lee,Dafforne,ldafforne47@columbia.edu,Male
153,Kiah,Blackah,kblackah48@engadget.com,Female
154,Drusie,Partkya,dpartkya49@pinterest.com,Female
155,Eddie,Morsom,emorsom4a@posterous.com,Male
156,Alley,Newburn,anewburn4b@deliciousdays.com,Male
157,Chanda,De Cristofalo,cdecristofalo4c@twitter.com,Female
158,Yetty,Liddell,yliddell4d@reference.com,Female
159,Netti,Roullier,nroullier4e@salon.com,Female
160,Edik,Lamba,elamba4f@ocn.ne.jp,Male
161,Ashlin,Larroway,alarroway4g@yellowpages.com,Male
162,Rena,Laurenceau,rlaurenceau4h@tripadvisor.com,Female
163,Trevar,Keymar,tkeymar4i@japanpost.jp,Male
164,Bonita,Vynoll,bvynoll4j@auda.org.au,Female
165,Iorgo,Rowsel,irowsel4k@jalbum.net,Male
166,Lars,Blofield,lblofield4l@google.cn,Male
167,Genna,Melendez,gmelendez4m@archive.org,Female
168,Cathryn,Bartkiewicz,cbartkiewicz4n@java.com,Female
169,Hope,Allabarton,hallabarton4o@oaic.gov.au,Female
170,Devin,Shannon,dshannon4p@seattletimes.com,Female
171,Pearle,McQuirter,pmcquirter4q@usda.gov,Female
172,Velvet,Sikora,vsikora4r@cmu.edu,Female
173,Desdemona,Smiz,dsmiz4s@patch.com,Female
174,Orin,Slatford,oslatford4t@nymag.com,Male
175,Zaria,Tytler,ztytler4u@mayoclinic.com,Female
176,Daryn,Franzotto,dfranzotto4v@delicious.com,Female
177,Lynnette,Broady,lbroady4w@de.vu,Female
178,Mychal,Chinery,mchinery4x@huffingtonpost.com,Male
179,Dion,Menichillo,dmenichillo4y@umn.edu,Female
180,Marietta,Shackel,mshackel4z@etsy.com,Male
181,Camile,Golden,cgolden50@scientificamerican.com,Female
182,Bruce,Iuorio,biuorio51@discovery.com,Male
183,Noemi,Sivil,nsivil52@netlog.com,Female
184,Ericka,Peters,epeters53@symantec.com,Female
185,Angelo,Strong,astrong54@soundcloud.com,Male
186,Llywellyn,Linde,llinde55@amazonaws.com,Male
187,Simeon,Clemot,sclemot56@ask.com,Male
188,Bradly,Gresser,bgresser57@seesaa.net,Male
189,Carole,Maylott,cmaylott58@over-blog.com,Female
190,Laurella,Littlejohns,llittlejohns59@techcrunch.com,Female
191,Alford,Jukes,ajukes5a@samsung.com,Male
192,Vergil,Sergeaunt,vsergeaunt5b@free.fr,Male
193,Stefano,Rutherfoord,srutherfoord5c@go.com,Male
194,Vivienne,Kitching,vkitching5d@amazon.com,Female
195,Marcelia,Minocchi,mminocchi5e@aboutads.info,Female
196,Amandi,Haller,ahaller5f@fema.gov,Female
197,Thibaut,Collingham,tcollingham5g@ebay.co.uk,Male
198,Jasmina,Prattin,jprattin5h@wikimedia.org,Female
199,Shara,Garmston,sgarmston5i@hexun.com,Female
200,Corrina,Simonetto,csimonetto5j@mail.ru,Female
201,Linus,Moralis,lmoralis5k@1und1.de,Male
202,Brana,Wingfield,bwingfield5l@ucoz.ru,Female
203,Aldridge,Blondelle,ablondelle5m@ezinearticles.com,Male
204,Wainwright,Lewtey,wlewtey5n@house.gov,Male
205,Gibbie,Nellies,gnellies5o@storify.com,Male
206,Waverly,Nutkin,wnutkin5p@dell.com,Male
207,Ellene,Bosnell,ebosnell5q@newyorker.com,Female
208,Desirae,Rishbrook,drishbrook5r@cnn.com,Female
209,Monique,Keeves,mkeeves5s@netvibes.com,Female
210,Lorraine,Wardesworth,lwardesworth5t@tinyurl.com,Female
211,Fredek,Castellini,fcastellini5u@printfriendly.com,Male
212,Pammy,Hallatt,phallatt5v@forbes.com,Female
213,Saraann,Lenin,slenin5w@wikimedia.org,Female
214,Irving,Cornbell,icornbell5x@foxnews.com,Male
215,Nicolette,Tomkiss,ntomkiss5y@shinystat.com,Female
216,Leora,Grushin,lgrushin5z@washington.edu,Female
217,Brittaney,Semered,bsemered60@wunderground.com,Female
218,Skip,Fluit,sfluit61@mashable.com,Male
219,Zacharia,Iddon,ziddon62@cafepress.com,Male
220,Frederico,Rogeron,frogeron63@bbb.org,Male
221,Jack,Yakubovich,jyakubovich64@apple.com,Male
222,Alexandre,Farrans,afarrans65@marketwatch.com,Male
223,Bryan,Rodrigues,brodrigues66@com.com,Male
224,Cristin,Botting,cbotting67@blogspot.com,Female
225,Pebrook,Durrans,pdurrans68@answers.com,Male
226,Tamqrah,Ankrett,tankrett69@wikimedia.org,Female
227,Michal,Pietruszka,mpietruszka6a@ox.ac.uk,Male
228,Nanni,Tibbs,ntibbs6b@stumbleupon.com,Female
229,Wendell,Carlyon,wcarlyon6c@webmd.com,Male
230,Vasili,Pringer,vpringer6d@ehow.com,Male
231,Anastasia,Grichukhanov,agrichukhanov6e@github.com,Female
232,Beverie,Syrie,bsyrie6f@netscape.com,Female
233,Gib,Ovid,govid6g@census.gov,Male
234,Lindi,Jendrich,ljendrich6h@addthis.com,Female
235,Andreas,Hischke,ahischke6i@mashable.com,Male
236,Consuelo,Ardley,cardley6j@nydailynews.com,Female
237,Agata,Capstack,acapstack6k@msu.edu,Female
238,Dunn,Silwood,dsilwood6l@topsy.com,Male
239,Debbi,Portt,dportt6m@tripadvisor.com,Female
240,Tommy,Terbeck,tterbeck6n@hhs.gov,Male
241,Nadiya,McGrotty,nmcgrotty6o@washington.edu,Female
242,Natale,Antonoyev,nantonoyev6p@wikia.com,Male
243,Cliff,Eilert,ceilert6q@youtu.be,Male
244,Pippy,Sowrey,psowrey6r@illinois.edu,Female
245,Elly,Denisovo,edenisovo6s@lycos.com,Female
246,Ode,Clearley,oclearley6t@netscape.com,Male
247,Ancell,Grierson,agrierson6u@nsw.gov.au,Male
248,Rebe,Loseby,rloseby6v@alexa.com,Female
249,Joellen,Adam,jadam6w@jigsy.com,Female
250,Gay,Oxtiby,goxtiby6x@latimes.com,Male
251,Bennie,Ubsdell,bubsdell6y@ameblo.jp,Male
252,Arv,Straneo,astraneo6z@blinklist.com,Male
253,Sebastiano,Mensler,smensler70@wikipedia.org,Male
254,Edie,Peniman,epeniman71@yellowbook.com,Female
255,Melita,Syer,msyer72@addtoany.com,Female
256,Mathew,Cafferty,mcafferty73@ning.com,Male
257,Con,Derr,cderr74@examiner.com,Male
258,Cyrille,McMurty,cmcmurty75@oaic.gov.au,Male
259,Barnabas,Cummins,bcummins76@spiegel.de,Male
260,Daryn,Ericsson,dericsson77@statcounter.com,Female
261,Levi,Blowne,lblowne78@squidoo.com,Male
262,Adrianne,Tourmell,atourmell79@jalbum.net,Female
263,Chicky,Lankester,clankester7a@over-blog.com,Female
264,Diena,Yockney,dyockney7b@eepurl.com,Female
265,Gelya,Endersby,gendersby7c@ameblo.jp,Female
266,Austin,Beranek,aberanek7d@time.com,Male
267,Cassandry,Chillingsworth,cchillingsworth7e@forbes.com,Female
268,Reynard,Brownlie,rbrownlie7f@rambler.ru,Male
269,Egbert,McCauley,emccauley7g@aboutads.info,Male
270,Therese,Aitchison,taitchison7h@berkeley.edu,Female
271,Maren,Garnham,mgarnham7i@wikia.com,Female
272,Jenn,Dorow,jdorow7j@goodreads.com,Female
273,Julio,Ugolotti,jugolotti7k@alibaba.com,Male
274,Hoyt,Idenden,hidenden7l@bluehost.com,Male
275,Mackenzie,Sainte Paul,msaintepaul7m@dot.gov,Male
276,Dex,Boddam,dboddam7n@tamu.edu,Male
277,Baxter,Heinz,bheinz7o@bloglovin.com,Male
278,Gabey,Flewin,gflewin7p@elpais.com,Female
279,Myrta,Marcinkus,mmarcinkus7q@google.cn,Female
280,Marietta,Garrique,mgarrique7r@scribd.com,Female
281,Redford,Chaffyn,rchaffyn7s@constantcontact.com,Male
282,Benji,Lucio,blucio7t@wordpress.com,Male
283,Noach,Strettle,nstrettle7u@google.it,Male
284,Odette,Blundon,oblundon7v@independent.co.uk,Female
285,Deck,Olenchikov,dolenchikov7w@go.com,Male
286,Ainslie,Schade,aschade7x@reuters.com,Female
287,Zenia,Scarre,zscarre7y@dmoz.org,Female
288,Brandtr,Prin,bprin7z@blogger.com,Male
289,Oliver,Delamere,odelamere80@comcast.net,Male
290,Fernanda,Crocken,fcrocken81@kickstarter.com,Female
291,Shaine,Videan,svidean82@clickbank.net,Female
292,Niki,Le Marchant,nlemarchant83@vkontakte.ru,Male
293,Domingo,Keyhoe,dkeyhoe84@deviantart.com,Male
294,Theodosia,St Ange,tstange85@1688.com,Female
295,Kinsley,Hurd,khurd86@webnode.com,Male
296,Conway,Nevison,cnevison87@blogger.com,Male
297,Nikolas,Brabon,nbrabon88@usa.gov,Male
298,Joy,Newlin,jnewlin89@sohu.com,Female
299,Brett,Bleibaum,bbleibaum8a@walmart.com,Male
300,Kennett,Breston,kbreston8b@ft.com,Male
301,Bay,Nystrom,bnystrom8c@amazon.co.uk,Male
302,Constantin,Cavaney,ccavaney8d@netlog.com,Male
303,Viole,Blackmore,vblackmore8e@squidoo.com,Female
304,Kristoforo,Carsey,kcarsey8f@angelfire.com,Male
305,Annecorinne,Rossbrooke,arossbrooke8g@adobe.com,Female
306,Wolfie,Bere,wbere8h@house.gov,Male
307,Babita,Hedditeh,bhedditeh8i@washington.edu,Female
308,Berti,Kermitt,bkermitt8j@digg.com,Female
309,Stephine,Keeling,skeeling8k@apache.org,Female
310,Sibel,Solland,ssolland8l@ftc.gov,Female
311,Phillipe,Cosham,pcosham8m@reddit.com,Male
312,Katerina,Wreight,kwreight8n@earthlink.net,Female
313,Vinny,Nock,vnock8o@nasa.gov,Male
314,Diana,Rapport,drapport8p@tripadvisor.com,Female
315,Eddie,Sampson,esampson8q@fema.gov,Male
316,Dame,Tree,dtree8r@amazon.co.uk,Male
317,Bertine,Symcock,bsymcock8s@gmpg.org,Female
318,Wain,Strippel,wstrippel8t@umn.edu,Male
319,Anita,Sopp,asopp8u@nhs.uk,Female
320,Charlene,Merrigan,cmerrigan8v@newyorker.com,Female
321,Abner,Pearlman,apearlman8w@telegraph.co.uk,Male
322,Jemimah,Rutland,jrutland8x@is.gd,Female
323,Phip,Piscotti,ppiscotti8y@msn.com,Male
324,Melinde,Negus,mnegus8z@biglobe.ne.jp,Female
325,Elianora,Elis,eelis90@so-net.ne.jp,Female
326,Aloisia,Culligan,aculligan91@yellowpages.com,Female
327,Rose,Swede,rswede92@alibaba.com,Female
328,Bren,Bittlestone,bbittlestone93@cyberchimps.com,Female
329,Orion,Byrde,obyrde94@163.com,Male
330,Cindy,Bassam,cbassam95@1und1.de,Female
331,Sigismondo,Skirvane,sskirvane96@php.net,Male
332,Darb,Tregenza,dtregenza97@shareasale.com,Male
333,Karlik,McMahon,kmcmahon98@hatena.ne.jp,Male
334,Hoyt,Seaking,hseaking99@google.fr,Male
335,Albertina,Harvie,aharvie9a@unesco.org,Female
336,Kendall,Fennick,kfennick9b@example.com,Male
337,Skelly,Fraczkiewicz,sfraczkiewicz9c@toplist.cz,Male
338,Farrah,Duce,fduce9d@arstechnica.com,Female
339,Ker,Comini,kcomini9e@kickstarter.com,Male
340,Nolan,Cruce,ncruce9f@issuu.com,Male
341,Dianemarie,Mountfort,dmountfort9g@intel.com,Female
342,Luciano,Matthew,lmatthew9h@woothemes.com,Male
343,Blayne,Lebond,blebond9i@paginegialle.it,Male
344,Dannel,Maffezzoli,dmaffezzoli9j@prweb.com,Male
345,Perren,Vaissiere,pvaissiere9k@goo.gl,Male
346,Chancey,Loveard,cloveard9l@java.com,Male
347,Claire,Antonat,cantonat9m@indiatimes.com,Male
348,Alecia,Barendtsen,abarendtsen9n@angelfire.com,Female
349,Tomasina,Acaster,tacaster9o@cnet.com,Female
350,Evey,Northey,enorthey9p@bbb.org,Female
351,Starlene,Poundsford,spoundsford9q@google.es,Female
352,Albie,Mayer,amayer9r@free.fr,Male
353,Gene,Vale,gvale9s@aol.com,Male
354,Byram,Yorston,byorston9t@moonfruit.com,Male
355,Carlynne,Janda,cjanda9u@amazon.de,Female
356,Emmanuel,Teasey,eteasey9v@yale.edu,Male
357,Britta,Rattery,brattery9w@ezinearticles.com,Female
358,Barnaby,Heningam,bheningam9x@rediff.com,Male
359,Benetta,Dalgarnowch,bdalgarnowch9y@tinyurl.com,Female
360,Ailina,Nursey,anursey9z@storify.com,Female
361,Chrisy,Franciotti,cfranciottia0@cocolog-nifty.com,Male
362,Des,Shankle,dshanklea1@usnews.com,Male
363,Chrystal,Wadlow,cwadlowa2@nifty.com,Female
364,Chrisse,Fowle,cfowlea3@blog.com,Male
365,Aluin,Ghione,aghionea4@163.com,Male
366,Monika,Itzkovwitch,mitzkovwitcha5@arstechnica.com,Female
367,Orly,Wolford,owolforda6@etsy.com,Female
368,Denni,Johnikin,djohnikina7@jigsy.com,Female
369,Travers,Bilovsky,tbilovskya8@domainmarket.com,Male
370,Theresa,Schaumann,tschaumanna9@soundcloud.com,Female
371,Jo-ann,Haryngton,jharyngtonaa@telegraph.co.uk,Female
372,Burtie,Jakubovics,bjakubovicsab@google.de,Male
373,Wat,O' Mullane,womullaneac@tmall.com,Male
374,Christan,Vowells,cvowellsad@imdb.com,Female
375,Matthew,Titcumb,mtitcumbae@e-recht24.de,Male
376,Felipe,Rawlings,frawlingsaf@mlb.com,Male
377,Fayre,Walkling,fwalklingag@ca.gov,Female
378,Angelica,Tidy,atidyah@mapquest.com,Female
379,Corney,Ivancevic,civancevicai@icq.com,Male
380,Maitilde,Malam,mmalamaj@seesaa.net,Female
381,Duffy,Lowde,dlowdeak@who.int,Male
382,Leonelle,Bog,lbogal@over-blog.com,Female
383,Raphael,Issett,rissettam@blogtalkradio.com,Male
384,Viviana,Killeley,vkilleleyan@oakley.com,Female
385,Bent,Screaton,bscreatonao@google.cn,Male
386,Kilian,Mackrill,kmackrillap@wired.com,Male
387,Letty,Alten,laltenaq@google.cn,Female
388,Gerianna,Currie,gcurriear@boston.com,Female
389,Dalila,Tetley,dtetleyas@slashdot.org,Female
390,Lindsy,Fortoun,lfortounat@fema.gov,Female
391,Allys,Blucher,ablucherau@dagondesign.com,Female
392,Gracie,Reddlesden,greddlesdenav@buzzfeed.com,Female
393,Kristine,Garvill,kgarvillaw@ezinearticles.com,Female
394,Delphine,Beebe,dbeebeax@apache.org,Female
395,Horten,O'Tierney,hotierneyay@upenn.edu,Male
396,Chase,Stellman,cstellmanaz@mozilla.org,Male
397,Gertrude,Millichap,gmillichapb0@sourceforge.net,Female
398,Dee dee,Van Halen,dvanhalenb1@pagesperso-orange.fr,Female
399,Nichol,Quince,nquinceb2@slideshare.net,Female
400,Kattie,Chaman,kchamanb3@1und1.de,Female
401,Guinna,Kuhnhardt,gkuhnhardtb4@livejournal.com,Female
402,Helen-elizabeth,Tomaszczyk,htomaszczykb5@amazonaws.com,Female
403,Henri,Hawksley,hhawksleyb6@unicef.org,Male
404,Ciel,Kasbye,ckasbyeb7@drupal.org,Female
405,Ricoriki,Tearny,rtearnyb8@surveymonkey.com,Male
406,Hesther,Haselden,hhaseldenb9@skype.com,Female
407,Lev,Pigot,lpigotba@nymag.com,Male
408,Lenora,Bunner,lbunnerbb@ebay.com,Female
409,Levin,Castleman,lcastlemanbc@lycos.com,Male
410,Rayna,Dewer,rdewerbd@flickr.com,Female
411,Renard,Deshon,rdeshonbe@epa.gov,Male
412,Arden,Cocozza,acocozzabf@addtoany.com,Female
413,Rubie,Godsell,rgodsellbg@google.com,Female
414,Mickie,Tennewell,mtennewellbh@networksolutions.com,Female
415,Rudy,Greenrod,rgreenrodbi@mashable.com,Male
416,Krishna,Van Giffen,kvangiffenbj@xing.com,Male
417,Orran,Napper,onapperbk@fema.gov,Male
418,Moises,Ambridge,mambridgebl@woothemes.com,Male
419,Clevie,Bound,cboundbm@lycos.com,Male
420,Kristen,Stolle,kstollebn@icq.com,Female
421,Timmie,Barneveld,tbarneveldbo@shinystat.com,Male
422,Claus,Snar,csnarbp@unc.edu,Male
423,Marieann,Canny,mcannybq@xing.com,Female
424,Irwin,Revey,ireveybr@netvibes.com,Male
425,Kaye,Dungate,kdungatebs@independent.co.uk,Female
426,Yorker,McMickan,ymcmickanbt@bloglines.com,Male
427,Sheila,Pettifer,spettiferbu@springer.com,Female
428,Theodora,MacAirt,tmacairtbv@bbc.co.uk,Female
429,Elbertine,Roycroft,eroycroftbw@storify.com,Female
430,Erek,Simo,esimobx@google.co.uk,Male
431,Peyton,Lydon,plydonby@usnews.com,Male
432,Martyn,Steinhammer,msteinhammerbz@youku.com,Male
433,Merilee,Johnikin,mjohnikinc0@macromedia.com,Female
434,Roxanne,Cowden,rcowdenc1@cam.ac.uk,Female
435,Kort,Antonomolii,kantonomoliic2@shinystat.com,Male
436,Amata,Westbrook,awestbrookc3@infoseek.co.jp,Female
437,Caprice,Tomaszczyk,ctomaszczykc4@instagram.com,Female
438,Marget,Giacopazzi,mgiacopazzic5@europa.eu,Female
439,Cairistiona,Stronge,cstrongec6@nature.com,Female
440,Bryon,Junkinson,bjunkinsonc7@yelp.com,Male
441,Marlon,Blackford,mblackfordc8@typepad.com,Male
442,Ferd,Haet,fhaetc9@vkontakte.ru,Male
443,Ellary,Skidmore,eskidmoreca@netlog.com,Male
444,Charlot,Soldan,csoldancb@wsj.com,Female
445,Myra,Ragles,mraglescc@telegraph.co.uk,Female
446,Reginauld,McChesney,rmcchesneycd@mac.com,Male
447,Sergeant,Wallett,swallettce@yale.edu,Male
448,Evangeline,Seacroft,eseacroftcf@technorati.com,Female
449,Darrin,Aronow,daronowcg@theguardian.com,Male
450,Austin,Line,alinech@who.int,Female
451,Ted,Adamthwaite,tadamthwaiteci@networkadvertising.org,Male
452,Norrie,Snoddon,nsnoddoncj@dailymotion.com,Male
453,Brietta,Muslim,bmuslimck@live.com,Female
454,Vlad,Durtnel,vdurtnelcl@salon.com,Male
455,Nefen,Densie,ndensiecm@goodreads.com,Male
456,Liv,McTrustam,lmctrustamcn@simplemachines.org,Female
457,Ode,Exer,oexerco@amazon.de,Male
458,Yank,Hardway,yhardwaycp@apple.com,Male
459,Barton,Jagels,bjagelscq@jalbum.net,Male
460,Job,Fronks,jfronkscr@cbsnews.com,Male
461,Mickie,Mariyushkin,mmariyushkincs@webeden.co.uk,Female
462,Haskel,Hanrahan,hhanrahanct@wix.com,Male
463,Myranda,Ottiwill,mottiwillcu@blogspot.com,Female
464,Zonnya,Dionis,zdioniscv@stumbleupon.com,Female
465,Lottie,Freer,lfreercw@blogger.com,Female
466,Erda,Kingcote,ekingcotecx@tiny.cc,Female
467,Simonette,Sealey,ssealeycy@histats.com,Female
468,Clayborne,Trusty,ctrustycz@oaic.gov.au,Male
469,Harmonia,Deans,hdeansd0@europa.eu,Female
470,Celisse,Foxwell,cfoxwelld1@apache.org,Female
471,Morna,O'Gavin,mogavind2@macromedia.com,Female
472,Obadias,Bangley,obangleyd3@economist.com,Male
473,Julienne,Devereux,jdevereuxd4@pbs.org,Female
474,Ossie,Britcher,obritcherd5@spiegel.de,Male
475,Keary,Gwyneth,kgwynethd6@google.ru,Male
476,Miguela,Blakeslee,mblakesleed7@wired.com,Female
477,Tilda,Radeliffe,tradeliffed8@wikia.com,Female
478,Sarette,Gilmore,sgilmored9@ustream.tv,Female
479,Tony,Hrycek,thrycekda@mozilla.com,Female
480,Flossy,Higginbottam,fhigginbottamdb@tuttocitta.it,Female
481,Valeda,Clemenson,vclemensondc@ask.com,Female
482,Chickie,Gibbins,cgibbinsdd@github.com,Male
483,Rriocard,Butrimovich,rbutrimovichde@house.gov,Male
484,Gleda,Giraths,ggirathsdf@chicagotribune.com,Female
485,Kalli,Olivie,koliviedg@spotify.com,Female
486,Jamie,Phizaclea,jphizacleadh@about.com,Female
487,Gerald,Kilfeder,gkilfederdi@phoca.cz,Male
488,Randene,O'Kenny,rokennydj@telegraph.co.uk,Female
489,Sissy,Coram,scoramdk@alexa.com,Female
490,Gaby,Sturdy,gsturdydl@gov.uk,Female
491,Koressa,Wormstone,kwormstonedm@ow.ly,Female
492,Ulrikaumeko,Bythway,ubythwaydn@dell.com,Female
493,Cherish,Dummett,cdummettdo@who.int,Female
494,Janeta,Wormell,jwormelldp@bloomberg.com,Female
495,Aaren,Brisson,abrissondq@amazon.co.jp,Female
496,Horatio,Simonin,hsimonindr@elegantthemes.com,Male
497,Ettie,Burkhill,eburkhillds@geocities.com,Female
498,Ranique,Hagwood,rhagwooddt@usnews.com,Female
499,Dru,Theyer,dtheyerdu@tuttocitta.it,Male
500,Gail,Renac,grenacdv@blogger.com,Male
501,Orton,Rowston,orowstondw@sciencedaily.com,Male
502,Orelle,By,obydx@topsy.com,Female
503,Samara,Offill,soffilldy@geocities.com,Female
504,Conway,Andersen,candersendz@ted.com,Male
505,Pru,Moreman,pmoremane0@example.com,Female
506,Godfrey,Danilin,gdaniline1@ebay.co.uk,Male
507,Filia,Longbothom,flongbothome2@ask.com,Female
508,Timmy,Wegner,twegnere3@blogger.com,Male
509,Fabiano,Caird,fcairde4@cnet.com,Male
510,Hebert,Valdes,hvaldese5@feedburner.com,Male
511,Arron,Niven,anivene6@printfriendly.com,Male
512,Gwennie,Heine,gheinee7@plala.or.jp,Female
513,Jocelyn,Vankov,jvankove8@symantec.com,Female
514,Julina,Jorry,jjorrye9@ifeng.com,Female
515,Debbi,Molloy,dmolloyea@techcrunch.com,Female
516,Doris,Brocklehurst,dbrocklehursteb@netvibes.com,Female
517,Lefty,Gruszczak,lgruszczakec@naver.com,Male
518,Lon,Rose,lroseed@google.pl,Male
519,Issy,Hammill,ihammillee@omniture.com,Female
520,Winifred,Piercy,wpiercyef@sbwire.com,Female
521,Erick,Gehrts,egehrtseg@ezinearticles.com,Male
522,Nanine,Burras,nburraseh@slideshare.net,Female
523,Iris,Arnault,iarnaultei@reddit.com,Female
524,Fremont,Goodbody,fgoodbodyej@nba.com,Male
525,Hazel,Caile,hcaileek@google.co.uk,Male
526,Craggie,Nunnery,cnunneryel@theatlantic.com,Male
527,Pierre,Hylands,phylandsem@businesswire.com,Male
528,Arturo,Ary,aaryen@admin.ch,Male
529,Clary,Jackways,cjackwayseo@ox.ac.uk,Female
530,Wesley,Lutton,wluttonep@hugedomains.com,Male
531,Waylin,Alexsandrowicz,walexsandrowiczeq@hc360.com,Male
532,Fletcher,Skayman,fskaymaner@blog.com,Male
533,Ernaline,Haccleton,ehaccletones@yahoo.co.jp,Female
534,Joey,Harbord,jharbordet@businessinsider.com,Female
535,Sylvan,Erlam,serlameu@reverbnation.com,Male
536,Dillon,MacCard,dmaccardev@aboutads.info,Male
537,Marilee,Longmuir,mlongmuirew@prnewswire.com,Female
538,Sigvard,Henrych,shenrychex@sogou.com,Male
539,Ardyth,Eseler,aeselerey@nymag.com,Female
540,Joni,Hovy,jhovyez@smh.com.au,Female
541,Alphonse,Eringey,aeringeyf0@ow.ly,Male
542,Boyd,Henrion,bhenrionf1@wikia.com,Male
543,Rozanna,Kondratovich,rkondratovichf2@facebook.com,Female
544,Dorree,Placido,dplacidof3@narod.ru,Female
545,Marget,Tabert,mtabertf4@apache.org,Female
546,Bernhard,De La Haye,bdelahayef5@yellowbook.com,Male
547,Phillip,Tapp,ptappf6@huffingtonpost.com,Male
548,Augustus,Hegg,aheggf7@studiopress.com,Male
549,Filberte,Bernardt,fbernardtf8@tamu.edu,Male
550,Barnabe,Pettus,bpettusf9@mayoclinic.com,Male
551,Deborah,Blasli,dblaslifa@amazon.co.uk,Female
552,Phelia,Sogg,psoggfb@senate.gov,Female
553,Nikolai,Morgen,nmorgenfc@stumbleupon.com,Male
554,Berthe,Albrook,balbrookfd@printfriendly.com,Female
555,Sephira,Verry,sverryfe@sfgate.com,Female
556,Tedmund,Dowty,tdowtyff@cbslocal.com,Male
557,Hanan,Cardno,hcardnofg@flickr.com,Male
558,Jaime,Conford,jconfordfh@auda.org.au,Male
559,Guthrey,Blazic,gblazicfi@webs.com,Male
560,Ginevra,Stickens,gstickensfj@forbes.com,Female
561,Siegfried,Chrisp,schrispfk@usda.gov,Male
562,Osbourne,Attiwill,oattiwillfl@wikia.com,Male
563,Fabiano,Sunter,fsunterfm@wikimedia.org,Male
564,Tedman,Aharoni,taharonifn@eepurl.com,Male
565,Ealasaid,Shelford,eshelfordfo@digg.com,Female
566,Rourke,Navarro,rnavarrofp@twitpic.com,Male
567,Sid,Le Leu,sleleufq@nifty.com,Male
568,Aubrey,Loveday,alovedayfr@telegraph.co.uk,Female
569,Tarah,Wilsone,twilsonefs@scribd.com,Female
570,Lawrence,Ornils,lornilsft@arstechnica.com,Male
571,Free,Hupka,fhupkafu@marketwatch.com,Male
572,Orbadiah,Kirckman,okirckmanfv@chronoengine.com,Male
573,Berty,Boatwright,bboatwrightfw@youku.com,Female
574,Brinna,Rutherford,brutherfordfx@dailymail.co.uk,Female
575,Kaitlyn,Hebson,khebsonfy@flavors.me,Female
576,Basia,Longshaw,blongshawfz@howstuffworks.com,Female
577,Charmane,Tartt,ctarttg0@cbc.ca,Female
578,Phaidra,Kindleside,pkindlesideg1@theglobeandmail.com,Female
579,Alana,Earingey,aearingeyg2@squarespace.com,Female
580,Percival,Venmore,pvenmoreg3@usgs.gov,Male
581,Faustine,Downing,fdowningg4@tinypic.com,Female
582,Alikee,McCloch,amcclochg5@kickstarter.com,Female
583,Rozanne,Chittock,rchittockg6@rambler.ru,Female
584,Aura,Fennessy,afennessyg7@photobucket.com,Female
585,Billi,Bentinck,bbentinckg8@phpbb.com,Female
586,Reg,Durrant,rdurrantg9@prnewswire.com,Male
587,Nicolai,Mackett,nmackettga@yellowbook.com,Male
588,Damon,Genders,dgendersgb@instagram.com,Male
589,Priscella,Helliar,phelliargc@zdnet.com,Female
590,Terence,Shipley,tshipleygd@canalblog.com,Male
591,Roda,Habbon,rhabbonge@dyndns.org,Female
592,Munmro,Edinburgh,medinburghgf@51.la,Male
593,Jon,Twoohy,jtwoohygg@dailymail.co.uk,Male
594,Tamarra,Braddock,tbraddockgh@indiatimes.com,Female
595,Alvin,Parmer,aparmergi@mail.ru,Male
596,Corinna,Pietraszek,cpietraszekgj@cafepress.com,Female
597,Beatrix,Tilt,btiltgk@opensource.org,Female
598,Graham,Gladdin,ggladdingl@freewebs.com,Male
599,Nolly,Gorke,ngorkegm@jigsy.com,Male
600,Papageno,Barhams,pbarhamsgn@ftc.gov,Male
601,Jephthah,Bilham,jbilhamgo@ucoz.com,Male
602,Wilma,Blamphin,wblamphingp@istockphoto.com,Female
603,Merrill,Carreyette,mcarreyettegq@is.gd,Male
604,Torin,Harbisher,tharbishergr@independent.co.uk,Male
605,Berne,Delahunty,bdelahuntygs@mozilla.org,Male
606,Neysa,Maginot,nmaginotgt@twitpic.com,Female
607,Marget,Kendle,mkendlegu@posterous.com,Female
608,Julie,Shurmer,jshurmergv@bloglovin.com,Male
609,Abagael,Orsay,aorsaygw@godaddy.com,Female
610,Josephina,Baudet,jbaudetgx@biglobe.ne.jp,Female
611,Randall,Pietrowicz,rpietrowiczgy@mtv.com,Male
612,Viv,Petschelt,vpetscheltgz@gravatar.com,Female
613,Yurik,Hadgraft,yhadgrafth0@skyrock.com,Male
614,Winnah,Fronsek,wfronsekh1@cam.ac.uk,Female
615,Ingar,Parslow,iparslowh2@wikimedia.org,Male
616,Elena,Clausewitz,eclausewitzh3@google.nl,Female
617,Anya,Caltera,acalterah4@jugem.jp,Female
618,Stephanie,Delicate,sdelicateh5@t-online.de,Female
619,Theobald,Verbrugghen,tverbrugghenh6@spotify.com,Male
620,Lindy,McLoney,lmcloneyh7@theatlantic.com,Male
621,Madelle,Frusher,mfrusherh8@github.com,Female
622,Loree,Warrell,lwarrellh9@freewebs.com,Female
623,Lambert,Dowker,ldowkerha@prnewswire.com,Male
624,Galina,De Lisle,gdelislehb@t.co,Female
625,Isaiah,Buddle,ibuddlehc@live.com,Male
626,Benyamin,Yanshonok,byanshonokhd@europa.eu,Male
627,Hillard,Wolfenden,hwolfendenhe@oakley.com,Male
628,Anton,Rizon,arizonhf@yolasite.com,Male
629,Em,Seabert,eseaberthg@baidu.com,Male
630,Melba,Ughini,mughinihh@wikipedia.org,Female
631,Colette,Kluge,cklugehi@facebook.com,Female
632,Orlan,Zmitrovich,ozmitrovichhj@cisco.com,Male
633,Rees,McClaurie,rmcclauriehk@goodreads.com,Male
634,Latashia,Bayns,lbaynshl@ning.com,Female
635,Mannie,Batterson,mbattersonhm@blogs.com,Male
636,Roseline,Ruscoe,rruscoehn@google.ru,Female
637,Salome,Baldack,sbaldackho@amazonaws.com,Female
638,Emma,Sheering,esheeringhp@fotki.com,Female
639,Rudie,Hugnet,rhugnethq@tiny.cc,Male
640,Terrance,Cornels,tcornelshr@sourceforge.net,Male
641,Beauregard,Brogi,bbrogihs@psu.edu,Male
642,Barnabas,Gallone,bgalloneht@who.int,Male
643,Shawn,Hancill,shancillhu@unesco.org,Female
644,Amelie,Blabie,ablabiehv@tuttocitta.it,Female
645,Bourke,Terese,bteresehw@jimdo.com,Male
646,Katine,Crafter,kcrafterhx@loc.gov,Female
647,Reed,Harrower,rharrowerhy@engadget.com,Male
648,Alvan,Rumbelow,arumbelowhz@nhs.uk,Male
649,Chicky,Coulsen,ccoulseni0@marketwatch.com,Female
650,Gradeigh,Holwell,gholwelli1@nifty.com,Male
651,Serena,Aymer,saymeri2@squidoo.com,Female
652,Thane,Vaudin,tvaudini3@reddit.com,Male
653,Kenyon,Nelthropp,knelthroppi4@huffingtonpost.com,Male
654,Hersh,Cleeton,hcleetoni5@blinklist.com,Male
655,Chloette,Brocks,cbrocksi6@imdb.com,Female
656,Ruddie,Barizeret,rbarizereti7@cbc.ca,Male
657,Windham,Almack,walmacki8@washington.edu,Male
658,Isaak,Follan,ifollani9@mashable.com,Male
659,Nicky,Di Biagi,ndibiagiia@infoseek.co.jp,Male
660,Brannon,Wethered,bwetheredib@altervista.org,Male
661,Faythe,Laddle,fladdleic@sun.com,Female
662,Mala,Llewhellin,mllewhellinid@jimdo.com,Female
663,Thornton,Dearle-Palser,tdearlepalserie@businesswire.com,Male
664,Justinian,Staining,jstainingif@paypal.com,Male
665,Dalt,Godbert,dgodbertig@usgs.gov,Male
666,Orlando,Van der Baaren,ovanderbaarenih@cocolog-nifty.com,Male
667,Sherwin,Beggio,sbeggioii@fda.gov,Male
668,Miof mela,Olfert,molfertij@fda.gov,Female
669,Marilyn,Kirby,mkirbyik@biglobe.ne.jp,Female
670,Audrey,Massot,amassotil@dailymail.co.uk,Female
671,Reed,Goward,rgowardim@go.com,Male
672,Wake,Farman,wfarmanin@furl.net,Male
673,Kriste,Carlisso,kcarlissoio@examiner.com,Female
674,Leanor,Widdison,lwiddisonip@desdev.cn,Female
675,Lorena,Lefeaver,llefeaveriq@virginia.edu,Female
676,Jacquetta,Bazell,jbazellir@ezinearticles.com,Female
677,Gare,Taber,gtaberis@slideshare.net,Male
678,Basile,De L'Isle,bdelisleit@state.tx.us,Male
679,Marchall,Shyram,mshyramiu@lulu.com,Male
680,Carina,Cosin,ccosiniv@artisteer.com,Female
681,Dyna,Boken,dbokeniw@time.com,Female
682,Adan,Batho,abathoix@opensource.org,Male
683,Joletta,Simonelli,jsimonelliiy@slashdot.org,Female
684,Thatch,Tranter,ttranteriz@fda.gov,Male
685,Daune,Osgarby,dosgarbyj0@cocolog-nifty.com,Female
686,Kevan,Drew,kdrewj1@pagesperso-orange.fr,Male
687,Alic,Nannini,ananninij2@stanford.edu,Male
688,Misti,Stollberg,mstollbergj3@bloglovin.com,Female
689,Rafael,Arnaldo,rarnaldoj4@sbwire.com,Male
690,Marcello,Guisot,mguisotj5@columbia.edu,Male
691,Ignacio,Flowers,iflowersj6@buzzfeed.com,Male
692,Jerrine,O'Criane,jocrianej7@sina.com.cn,Female
693,Quincy,Bernardeau,qbernardeauj8@barnesandnoble.com,Male
694,Kile,Spirritt,kspirrittj9@friendfeed.com,Male
695,Karole,Lofting,kloftingja@vkontakte.ru,Female
696,Adham,Pala,apalajb@msu.edu,Male
697,Brynna,Handlin,bhandlinjc@aol.com,Female
698,Leilah,Guillotin,lguillotinjd@altervista.org,Female
699,Francine,Coldicott,fcoldicottje@tiny.cc,Female
700,Barron,McMillan,bmcmillanjf@army.mil,Male
701,Rebe,Trevers,rtreversjg@go.com,Female
702,Padgett,Hurtic,phurticjh@yahoo.com,Male
703,April,Olenchikov,aolenchikovji@yelp.com,Female
704,Rossy,Daenen,rdaenenjj@mayoclinic.com,Male
705,Bobby,Grzegorecki,bgrzegoreckijk@spotify.com,Female
706,Davie,Giamo,dgiamojl@walmart.com,Male
707,Keene,Atack,katackjm@cpanel.net,Male
708,Vasilis,Bowdidge,vbowdidgejn@noaa.gov,Male
709,Jeramie,Ludman,jludmanjo@yandex.ru,Male
710,Delila,Grenshiels,dgrenshielsjp@opensource.org,Female
711,Reba,Lisamore,rlisamorejq@eepurl.com,Female
712,Matt,Rzehorz,mrzehorzjr@seattletimes.com,Male
713,Daria,Bendall,dbendalljs@mediafire.com,Female
714,Miles,Armour,marmourjt@scribd.com,Male
715,Abraham,Kitchiner,akitchinerju@stumbleupon.com,Male
716,Gaylor,Stiles,gstilesjv@state.gov,Male
717,Dona,Philippe,dphilippejw@taobao.com,Female
718,Brandice,Creasy,bcreasyjx@theglobeandmail.com,Female
719,Morly,Varga,mvargajy@reference.com,Male
720,Rudiger,Gayden,rgaydenjz@123-reg.co.uk,Male
721,Sonnnie,Spelman,sspelmank0@wisc.edu,Female
722,Jewelle,Pittwood,jpittwoodk1@biblegateway.com,Female
723,Jarret,Little,jlittlek2@blogtalkradio.com,Male
724,Parnell,Jakubowsky,pjakubowskyk3@alexa.com,Male
725,Eldin,Sellen,esellenk4@bloglovin.com,Male
726,Boothe,Jeram,bjeramk5@webs.com,Male
727,Nissa,Raatz,nraatzk6@wordpress.org,Female
728,Gare,Celle,gcellek7@usatoday.com,Male
729,Lenard,Fridaye,lfridayek8@forbes.com,Male
730,Dalis,Reader,dreaderk9@walmart.com,Male
731,Karla,Bruyett,kbruyettka@newsvine.com,Female
732,Bengt,Frick,bfrickkb@mashable.com,Male
733,Josefa,Elsmere,jelsmerekc@posterous.com,Female
734,Nat,Dalliston,ndallistonkd@ebay.com,Female
735,Randene,Klimus,rklimuske@mashable.com,Female
736,Sylas,Mattis,smattiskf@hexun.com,Male
737,Raf,Yoslowitz,ryoslowitzkg@washingtonpost.com,Female
738,Mariam,Lattos,mlattoskh@miitbeian.gov.cn,Female
739,Val,Allot,vallotki@sciencedaily.com,Female
740,Kendell,Donizeau,kdonizeaukj@edublogs.org,Male
741,Tristam,Goves,tgoveskk@seesaa.net,Male
742,Elyn,Yuryev,eyuryevkl@photobucket.com,Female
743,Ajay,Clarkin,aclarkinkm@fda.gov,Female
744,Abner,Leith,aleithkn@istockphoto.com,Male
745,Allister,Penhale,apenhaleko@eepurl.com,Male
746,Whittaker,Kenward,wkenwardkp@hud.gov,Male
747,Marlee,Petriello,mpetriellokq@over-blog.com,Female
748,Moe,Woolvin,mwoolvinkr@ucoz.ru,Male
749,Bucky,O'Driscole,bodriscoleks@archive.org,Male
750,Deva,Scholtis,dscholtiskt@mtv.com,Female
751,Nicki,Scad,nscadku@businessweek.com,Female
752,Berton,Bener,bbenerkv@gov.uk,Male
753,Joycelin,Wintour,jwintourkw@washingtonpost.com,Female
754,Parnell,Chisolm,pchisolmkx@google.co.uk,Male
755,Denise,MacColgan,dmaccolganky@networkadvertising.org,Female
756,Linn,Kinkaid,lkinkaidkz@archive.org,Male
757,Valencia,Spires,vspiresl0@yellowbook.com,Female
758,Linette,Haydney,lhaydneyl1@businesswire.com,Female
759,Kimball,Middlemiss,kmiddlemissl2@domainmarket.com,Male
760,Hortense,Gilders,hgildersl3@cloudflare.com,Female
761,Rahel,Searston,rsearstonl4@rambler.ru,Female
762,Melisandra,Court,mcourtl5@godaddy.com,Female
763,Leopold,Cowern,lcowernl6@freewebs.com,Male
764,Catina,Clapson,cclapsonl7@indiatimes.com,Female
765,Garrett,Nix,gnixl8@mail.ru,Male
766,Stirling,Scanderet,sscanderetl9@homestead.com,Male
767,Mignon,Aluard,maluardla@shareasale.com,Female
768,Elenore,Kevis,ekevislb@sfgate.com,Female
769,Keene,Cullabine,kcullabinelc@de.vu,Male
770,Fiona,Gouch,fgouchld@hc360.com,Female
771,Hewitt,Machan,hmachanle@china.com.cn,Male
772,Paolina,Maddock,pmaddocklf@usnews.com,Female
773,Corette,Coenraets,ccoenraetslg@mac.com,Female
774,Husain,Attenburrow,hattenburrowlh@google.com.br,Male
775,Arel,Lye,alyeli@weebly.com,Male
776,Lilas,Plumley,lplumleylj@diigo.com,Female
777,Allene,Birney,abirneylk@yolasite.com,Female
778,Brier,Ashfull,bashfullll@nationalgeographic.com,Female
779,Sella,Meindl,smeindllm@addtoany.com,Female
780,Dionysus,Bridden,dbriddenln@amazonaws.com,Male
781,Saunders,Maunton,smauntonlo@sohu.com,Male
782,Humfrey,Cownden,hcowndenlp@example.com,Male
783,Tobiah,A'Barrow,tabarrowlq@ucoz.ru,Male
784,Felizio,Crooke,fcrookelr@ezinearticles.com,Male
785,Tillie,Caygill,tcaygillls@icq.com,Female
786,Germayne,Thurby,gthurbylt@springer.com,Male
787,Doll,Bonwick,dbonwicklu@flavors.me,Female
788,Chan,Bertot,cbertotlv@yelp.com,Male
789,Moe,McKague,mmckaguelw@wordpress.org,Male
790,Mathias,Medeway,mmedewaylx@narod.ru,Male
791,Debor,Brecher,dbrecherly@google.nl,Female
792,Terri,Mateo,tmateolz@i2i.jp,Female
793,Bondie,Garvey,bgarveym0@quantcast.com,Male
794,Tommie,Finlator,tfinlatorm1@mit.edu,Female
795,Dinah,Weedenburg,dweedenburgm2@xrea.com,Female
796,Rolando,Gostyke,rgostykem3@bigcartel.com,Male
797,Sapphire,Seaborne,sseabornem4@dailymotion.com,Female
798,Rey,Tardiff,rtardiffm5@yellowpages.com,Female
799,Jens,Kember,jkemberm6@aboutads.info,Male
800,Tom,Aleshkov,taleshkovm7@stumbleupon.com,Male
801,Tris,Peter,tpeterm8@yellowbook.com,Male
802,Grayce,Faughnan,gfaughnanm9@1und1.de,Female
803,Boris,Abbotson,babbotsonma@youku.com,Male
804,Calv,Lightoller,clightollermb@hc360.com,Male
805,Harold,Devote,hdevotemc@mtv.com,Male
806,Elvyn,Blanque,eblanquemd@soup.io,Male
807,Bonni,Winslow,bwinslowme@seesaa.net,Female
808,Sam,Peacocke,speacockemf@examiner.com,Male
809,Urban,Canet,ucanetmg@exblog.jp,Male
810,Nicoli,Riggulsford,nriggulsfordmh@mapy.cz,Female
811,Kendre,Becket,kbecketmi@oaic.gov.au,Female
812,Ede,Aldin,ealdinmj@myspace.com,Female
813,Indira,Lambrecht,ilambrechtmk@mediafire.com,Female
814,Dirk,Tesimon,dtesimonml@army.mil,Male
815,Kent,Rabier,krabiermm@facebook.com,Male
816,Guglielma,Leveridge,gleveridgemn@smugmug.com,Female
817,Kimble,Frosdick,kfrosdickmo@guardian.co.uk,Male
818,Barbara-anne,Linzee,blinzeemp@tumblr.com,Female
819,Lorilee,Penrith,lpenrithmq@umich.edu,Female
820,Colby,Varne,cvarnemr@cbslocal.com,Male
821,Haydon,McGeachy,hmcgeachyms@paginegialle.it,Male
822,Melisent,Constant,mconstantmt@google.com.br,Female
823,Paton,Harnell,pharnellmu@wikimedia.org,Male
824,Tyler,Shadfourth,tshadfourthmv@cyberchimps.com,Male
825,Parsifal,Causon,pcausonmw@yandex.ru,Male
826,Boycey,Giraldo,bgiraldomx@slashdot.org,Male
827,Adolphe,Buye,abuyemy@fc2.com,Male
828,Simon,Setterington,ssetteringtonmz@sphinn.com,Male
829,Haily,Sleep,hsleepn0@kickstarter.com,Male
830,Elijah,Greenshiels,egreenshielsn1@parallels.com,Male
831,Rorke,Longrigg,rlongriggn2@barnesandnoble.com,Male
832,Cosmo,Clemensen,cclemensenn3@hc360.com,Male
833,Dore,Bercher,dberchern4@smugmug.com,Male
834,Dinny,Clout,dcloutn5@sakura.ne.jp,Female
835,Isabella,Ruit,iruitn6@hostgator.com,Female
836,Iggy,Fairholme,ifairholmen7@soup.io,Male
837,Ferdinande,Pridie,fpridien8@arizona.edu,Female
838,Malcolm,Frossell,mfrosselln9@jugem.jp,Male
839,Calla,Ferriby,cferribyna@biglobe.ne.jp,Female
840,Terencio,Cleve,tclevenb@reuters.com,Male
841,Elden,Ambroise,eambroisenc@smugmug.com,Male
842,Elsie,Hegdonne,ehegdonnend@theguardian.com,Female
843,Mahmud,Tytcomb,mtytcombne@independent.co.uk,Male
844,Baron,McPaike,bmcpaikenf@virginia.edu,Male
845,Edin,Sazio,esaziong@chicagotribune.com,Female
846,Zara,Chapman,zchapmannh@cornell.edu,Female
847,Janek,Chamberlayne,jchamberlayneni@nationalgeographic.com,Male
848,Merola,Mazey,mmazeynj@tripod.com,Female
849,Neille,Pledge,npledgenk@miitbeian.gov.cn,Female
850,Edi,Nation,enationnl@hubpages.com,Female
851,Leola,Eskrigg,leskriggnm@clickbank.net,Female
852,Allie,Rontree,arontreenn@infoseek.co.jp,Male
853,Harland,Birkbeck,hbirkbeckno@1688.com,Male
854,Allayne,Alsop,aalsopnp@phoca.cz,Male
855,Alejandrina,Fountain,afountainnq@elegantthemes.com,Female
856,Felice,Laborda,flabordanr@prlog.org,Female
857,Kalila,Jurzyk,kjurzykns@apache.org,Female
858,Ritchie,Wibrow,rwibrownt@cnn.com,Male
859,Leila,Griss,lgrissnu@oaic.gov.au,Female
860,Iago,Click,iclicknv@flickr.com,Male
861,Jobi,Lucus,jlucusnw@bandcamp.com,Female
862,Farris,Ratnege,fratnegenx@phoca.cz,Male
863,Osbourn,Dureden,oduredenny@themeforest.net,Male
864,Karna,Mattholie,kmattholienz@so-net.ne.jp,Female
865,Ken,Canto,kcantoo0@mediafire.com,Male
866,Isabelita,Kirton,ikirtono1@earthlink.net,Female
867,Moselle,Latchmore,mlatchmoreo2@answers.com,Female
868,Broderic,Kristiansen,bkristianseno3@rambler.ru,Male
869,Danette,Jasik,djasiko4@jugem.jp,Female
870,Duffie,Casacchia,dcasacchiao5@t.co,Male
871,Tedda,Greenhowe,tgreenhoweo6@weather.com,Female
872,Artus,Arnet,aarneto7@about.me,Male
873,Dorella,Filpo,dfilpoo8@google.fr,Female
874,Ann-marie,Skeat,askeato9@scientificamerican.com,Female
875,Jerrold,Wegener,jwegeneroa@umn.edu,Male
876,Kennith,Caesmans,kcaesmansob@prlog.org,Male
877,Betta,Letten,blettenoc@un.org,Female
878,Belva,Capin,bcapinod@blogspot.com,Female
879,Hyacinthie,Liquorish,hliquorishoe@youtu.be,Female
880,Muriel,Boskell,mboskellof@nifty.com,Female
881,Jermaine,Briscow,jbriscowog@oakley.com,Male
882,Alexei,Batchelar,abatchelaroh@netscape.com,Male
883,Neddy,Forsdicke,nforsdickeoi@npr.org,Male
884,Lona,Bradock,lbradockoj@ft.com,Female
885,Ephrem,Conlaund,econlaundok@elpais.com,Male
886,Sofie,Yakobovitz,syakobovitzol@liveinternet.ru,Female
887,Pavia,Brandrick,pbrandrickom@nifty.com,Female
888,Bron,Ivanikov,bivanikovon@spotify.com,Male
889,Godfrey,McGrirl,gmcgrirloo@technorati.com,Male
890,Adelind,Whillock,awhillockop@yolasite.com,Female
891,Emiline,Raise,eraiseoq@blogger.com,Female
892,Karoline,McReynolds,kmcreynoldsor@abc.net.au,Female
893,Meredeth,Gulk,mgulkos@stanford.edu,Male
894,Jone,Placstone,jplacstoneot@columbia.edu,Male
895,Tymon,Aizikovitz,taizikovitzou@hhs.gov,Male
896,Christye,Hunter,chunterov@wiley.com,Female
897,Ferdinanda,Quiddinton,fquiddintonow@youtube.com,Female
898,Stefa,Laydon,slaydonox@opera.com,Female
899,Magdaia,Paradyce,mparadyceoy@marriott.com,Female
900,Holly-anne,Klemt,hklemtoz@tripod.com,Female
901,Tobie,Mokes,tmokesp0@printfriendly.com,Male
902,Lurline,Klemenz,lklemenzp1@ebay.com,Female
903,Legra,Buttrum,lbuttrump2@com.com,Female
904,Brock,Pharoah,bpharoahp3@elpais.com,Male
905,Lena,Macia,lmaciap4@chron.com,Female
906,Huntlee,Steart,hsteartp5@theatlantic.com,Male
907,Winonah,Pilch,wpilchp6@phpbb.com,Female
908,Carrissa,Aston,castonp7@hud.gov,Female
909,Nikos,Le Provost,nleprovostp8@tumblr.com,Male
910,Tremayne,Welden,tweldenp9@stumbleupon.com,Male
911,Hanni,Lukash,hlukashpa@typepad.com,Female
912,Fair,Humbee,fhumbeepb@theguardian.com,Male
913,Cecelia,Mille,cmillepc@wordpress.com,Female
914,Cindi,Roscamps,croscampspd@360.cn,Female
915,Killian,Sneyd,ksneydpe@ow.ly,Male
916,Tommy,Doone,tdoonepf@samsung.com,Female
917,Bennie,Abramamovh,babramamovhpg@mtv.com,Male
918,Dion,Devonshire,ddevonshireph@goodreads.com,Female
919,Kimmi,Suthworth,ksuthworthpi@ed.gov,Female
920,Winny,Fitchet,wfitchetpj@blogger.com,Female
921,Con,Dwelley,cdwelleypk@ft.com,Male
922,Kala,Kopta,kkoptapl@theglobeandmail.com,Female
923,Audrey,Raoux,araouxpm@ning.com,Female
924,Esdras,Arndt,earndtpn@qq.com,Male
925,Celestyn,Alenichicov,calenichicovpo@census.gov,Female
926,Emory,Harget,ehargetpp@nature.com,Male
927,Gorden,Salmoni,gsalmonipq@yahoo.co.jp,Male
928,Annabell,Wolpert,awolpertpr@naver.com,Female
929,Drusi,O'Canavan,docanavanps@bigcartel.com,Female
930,Horatio,MattiCCI,hmatticcipt@microsoft.com,Male
931,Brandtr,Dunabie,bdunabiepu@addthis.com,Male
932,Peter,Etchells,petchellspv@sakura.ne.jp,Male
933,Ede,Couling,ecoulingpw@myspace.com,Female
934,Tod,Waye,twayepx@sourceforge.net,Male
935,Raoul,Axe,raxepy@engadget.com,Male
936,Merrel,Bodsworth,mbodsworthpz@hatena.ne.jp,Male
937,Felizio,Brownsmith,fbrownsmithq0@netscape.com,Male
938,Drona,Stitson,dstitsonq1@parallels.com,Female
939,Lonni,Flatt,lflattq2@sogou.com,Female
940,Stinky,Stenett,sstenettq3@google.pl,Male
941,Sasha,Gardner,sgardnerq4@histats.com,Male
942,Clarence,Fretwell,cfretwellq5@cpanel.net,Male
943,Alejoa,Tellesson,atellessonq6@mapquest.com,Male
944,Carson,Trousdell,ctrousdellq7@businessinsider.com,Male
945,Ginelle,Dyneley,gdyneleyq8@newyorker.com,Female
946,Renee,Chaperlin,rchaperlinq9@tuttocitta.it,Female
947,Royall,Kettlesing,rkettlesingqa@virginia.edu,Male
948,Parker,Roseblade,prosebladeqb@lycos.com,Male
949,Shaw,O'Doherty,sodohertyqc@sohu.com,Male
950,Lenore,le Keux,llekeuxqd@hp.com,Female
951,Marcel,Willisch,mwillischqe@bigcartel.com,Male
952,Megen,Gaynesford,mgaynesfordqf@barnesandnoble.com,Female
953,Carolina,Midford,cmidfordqg@ehow.com,Female
954,Cosmo,Charley,ccharleyqh@usnews.com,Male
955,My,Greeson,mgreesonqi@jigsy.com,Male
956,Georgianne,Hafner,ghafnerqj@apache.org,Female
957,Northrop,Laxton,nlaxtonqk@state.gov,Male
958,Josie,Hefner,jhefnerql@slate.com,Female
959,Dido,Cawood,dcawoodqm@hatena.ne.jp,Female
960,Emelia,Brawley,ebrawleyqn@go.com,Female
961,Bentley,Bastie,bbastieqo@cafepress.com,Male
962,Jesse,Wallsam,jwallsamqp@tripod.com,Female
963,Tallie,Standish-Brooks,tstandishbrooksqq@biblegateway.com,Male
964,Fonz,Andreacci,fandreacciqr@barnesandnoble.com,Male
965,Gregory,Count,gcountqs@adobe.com,Male
966,Cortney,Matteuzzi,cmatteuzziqt@mail.ru,Female
967,Ara,Colafate,acolafatequ@blogtalkradio.com,Male
968,Cody,Rapport,crapportqv@linkedin.com,Female
969,Amberly,Soanes,asoanesqw@chronoengine.com,Female
970,Julian,McCarthy,jmccarthyqx@dagondesign.com,Male
971,Kelvin,Bradder,kbradderqy@google.pl,Male
972,Bondy,Saladin,bsaladinqz@technorati.com,Male
973,Alethea,Pes,apesr0@1688.com,Female
974,Osgood,Paladino,opaladinor1@creativecommons.org,Male
975,Shepperd,Brydon,sbrydonr2@statcounter.com,Male
976,Arabella,Pischoff,apischoffr3@merriam-webster.com,Female
977,Albert,Signori,asignorir4@scribd.com,Male
978,Beverlie,Leibold,bleiboldr5@shareasale.com,Female
979,Bartel,Freemantle,bfreemantler6@theatlantic.com,Male
980,Archy,Weatherdon,aweatherdonr7@ucoz.ru,Male
981,Ricky,Spatig,rspatigr8@state.gov,Female
982,Pansie,MacAnespie,pmacanespier9@apache.org,Female
983,Sonny,Juzek,sjuzekra@home.pl,Male
984,Ravi,Crehan,rcrehanrb@jimdo.com,Male
985,Melba,Whitton,mwhittonrc@chicagotribune.com,Female
986,Bidget,Hummerston,bhummerstonrd@goo.ne.jp,Female
987,Maurise,Syncke,msynckere@upenn.edu,Male
988,Valaria,Allot,vallotrf@hostgator.com,Female
989,Sly,Fish,sfishrg@mlb.com,Male
990,Hyman,Tarbin,htarbinrh@senate.gov,Male
991,Seward,Lamble,slambleri@chron.com,Male
992,Carolann,Sowley,csowleyrj@spotify.com,Female
993,Nadiya,Gauntlett,ngauntlettrk@google.nl,Female
994,Beckie,McNelly,bmcnellyrl@bbb.org,Female
995,Thor,Ferryn,tferrynrm@cdbaby.com,Male
996,Baudoin,Bloxam,bbloxamrn@typepad.com,Male
997,Martica,Rayment,mraymentro@upenn.edu,Female
998,Adams,Ousby,aousbyrp@issuu.com,Male
999,Angelico,Beards,abeardsrq@rakuten.co.jp,Male
1000,Rubina,Hayhow,rhayhowrr@shinystat.com,Female
